<?xml version="1.0" encoding="UTF-8"?>
<?xml-stylesheet type="text/xsl" href="loggingSortiment.xsl"?><Sortimente>
<Sortiment><Id>0</Id><Name> Lbh_Stamm</Name><Art_von>100</Art_von><Art_bis>499</Art_bis><minD>40.00</minD><maxD>69.90</maxD><minTop>35.00</minTop><maxTop>90.00</maxTop><minH>4.50</minH><maxH>18.00</maxH><ZugabeProzent>0.00</ZugabeProzent><ZugabeCm>20.00</ZugabeCm><Preis>100.00</Preis><Gewicht>70.00</Gewicht><Wahrscheinlichkeit>100.00</Wahrscheinlichkeit><nurZBaum>false</nurZBaum><mehrfach>false</mehrfach><Entnahme>true</Entnahme><bisKA>false</bisKA><ausgewaehlt>true</ausgewaehlt><Zeitbedarfsfunktion>2</Zeitbedarfsfunktion></Sortiment><Sortiment><Id>1</Id><Name> Ndh_Stamm</Name><Art_von>500</Art_von><Art_bis>999</Art_bis><minD>25.00</minD><maxD>49.90</maxD><minTop>14.00</minTop><maxTop>55.00</maxTop><minH>14.00</minH><maxH>18.00</maxH><ZugabeProzent>0.00</ZugabeProzent><ZugabeCm>10.00</ZugabeCm><Preis>100.00</Preis><Gewicht>70.00</Gewicht><Wahrscheinlichkeit>100.00</Wahrscheinlichkeit><nurZBaum>false</nurZBaum><mehrfach>false</mehrfach><Entnahme>true</Entnahme><bisKA>false</bisKA><ausgewaehlt>true</ausgewaehlt><Zeitbedarfsfunktion>3</Zeitbedarfsfunktion></Sortiment><Sortiment><Id>2</Id><Name> Ndh_4m</Name><Art_von>500</Art_von><Art_bis>999</Art_bis><minD>12.00</minD><maxD>60.00</maxD><minTop>12.00</minTop><maxTop>55.00</maxTop><minH>4.00</minH><maxH>4.00</maxH><ZugabeProzent>0.00</ZugabeProzent><ZugabeCm>0.00</ZugabeCm><Preis>50.00</Preis><Gewicht>20.00</Gewicht><Wahrscheinlichkeit>100.00</Wahrscheinlichkeit><nurZBaum>false</nurZBaum><mehrfach>true</mehrfach><Entnahme>true</Entnahme><bisKA>false</bisKA><ausgewaehlt>true</ausgewaehlt><Zeitbedarfsfunktion>19</Zeitbedarfsfunktion></Sortiment><Sortiment><Id>3</Id><Name> Lbh_3m</Name><Art_von>100</Art_von><Art_bis>499</Art_bis><minD>7.00</minD><maxD>99.90</maxD><minTop>12.00</minTop><maxTop>99.90</maxTop><minH>3.00</minH><maxH>3.00</maxH><ZugabeProzent>0.00</ZugabeProzent><ZugabeCm>0.00</ZugabeCm><Preis>20.00</Preis><Gewicht>20.00</Gewicht><Wahrscheinlichkeit>100.00</Wahrscheinlichkeit><nurZBaum>false</nurZBaum><mehrfach>true</mehrfach><Entnahme>true</Entnahme><bisKA>false</bisKA><ausgewaehlt>true</ausgewaehlt><Zeitbedarfsfunktion>2</Zeitbedarfsfunktion></Sortiment><Sortiment><Id>4</Id><Name> X-Holz</Name><Art_von>100</Art_von><Art_bis>999</Art_bis><minD>7.00</minD><maxD>99.90</maxD><minTop>7.00</minTop><maxTop>99.90</maxTop><minH>1.00</minH><maxH>1.00</maxH><ZugabeProzent>0.00</ZugabeProzent><ZugabeCm>0.00</ZugabeCm><Preis>50.00</Preis><Gewicht>100.00</Gewicht><Wahrscheinlichkeit>30.00</Wahrscheinlichkeit><nurZBaum>false</nurZBaum><mehrfach>true</mehrfach><Entnahme>false</Entnahme><bisKA>false</bisKA><ausgewaehlt>true</ausgewaehlt><Zeitbedarfsfunktion>0</Zeitbedarfsfunktion></Sortiment><Sortiment><Id>5</Id><Name> Ei_Stamm</Name><Art_von>100</Art_von><Art_bis>199</Art_bis><minD>40.00</minD><maxD>69.90</maxD><minTop>35.00</minTop><maxTop>90.00</maxTop><minH>4.50</minH><maxH>18.00</maxH><ZugabeProzent>0.00</ZugabeProzent><ZugabeCm>20.00</ZugabeCm><Preis>50.00</Preis><Gewicht>80.00</Gewicht><Wahrscheinlichkeit>100.00</Wahrscheinlichkeit><nurZBaum>false</nurZBaum><mehrfach>false</mehrfach><Entnahme>true</Entnahme><bisKA>true</bisKA><ausgewaehlt>true</ausgewaehlt><Zeitbedarfsfunktion>2</Zeitbedarfsfunktion></Sortiment><Sortiment><Id>6</Id><Name> Ei_ILk</Name><Art_von>100</Art_von><Art_bis>199</Art_bis><minD>7.00</minD><maxD>60.00</maxD><minTop>7.00</minTop><maxTop>60.00</maxTop><minH>3.00</minH><maxH>6.00</maxH><ZugabeProzent>0.00</ZugabeProzent><ZugabeCm>0.00</ZugabeCm><Preis>50.00</Preis><Gewicht>20.00</Gewicht><Wahrscheinlichkeit>100.00</Wahrscheinlichkeit><nurZBaum>false</nurZBaum><mehrfach>true</mehrfach><Entnahme>true</Entnahme><bisKA>false</bisKA><ausgewaehlt>true</ausgewaehlt><Zeitbedarfsfunktion>14</Zeitbedarfsfunktion></Sortiment><Sortiment><Id>7</Id><Name> Bu_Stamm</Name><Art_von>200</Art_von><Art_bis>300</Art_bis><minD>40.00</minD><maxD>69.90</maxD><minTop>35.00</minTop><maxTop>90.00</maxTop><minH>4.50</minH><maxH>18.00</maxH><ZugabeProzent>0.00</ZugabeProzent><ZugabeCm>20.00</ZugabeCm><Preis>50.00</Preis><Gewicht>80.00</Gewicht><Wahrscheinlichkeit>100.00</Wahrscheinlichkeit><nurZBaum>false</nurZBaum><mehrfach>false</mehrfach><Entnahme>true</Entnahme><bisKA>true</bisKA><ausgewaehlt>true</ausgewaehlt><Zeitbedarfsfunktion>1</Zeitbedarfsfunktion></Sortiment><Sortiment><Id>8</Id><Name> Bu_ILk</Name><Art_von>200</Art_von><Art_bis>500</Art_bis><minD>7.00</minD><maxD>60.00</maxD><minTop>7.00</minTop><maxTop>60.00</maxTop><minH>3.00</minH><maxH>6.00</maxH><ZugabeProzent>0.00</ZugabeProzent><ZugabeCm>0.00</ZugabeCm><Preis>50.00</Preis><Gewicht>30.00</Gewicht><Wahrscheinlichkeit>100.00</Wahrscheinlichkeit><nurZBaum>false</nurZBaum><mehrfach>true</mehrfach><Entnahme>true</Entnahme><bisKA>false</bisKA><ausgewaehlt>true</ausgewaehlt><Zeitbedarfsfunktion>14</Zeitbedarfsfunktion></Sortiment><Sortiment><Id>9</Id><Name> Dgl_Stamm</Name><Art_von>600</Art_von><Art_bis>700</Art_bis><minD>25.00</minD><maxD>49.90</maxD><minTop>14.00</minTop><maxTop>55.00</maxTop><minH>14.00</minH><maxH>18.00</maxH><ZugabeProzent>0.00</ZugabeProzent><ZugabeCm>10.00</ZugabeCm><Preis>50.00</Preis><Gewicht>70.00</Gewicht><Wahrscheinlichkeit>100.00</Wahrscheinlichkeit><nurZBaum>false</nurZBaum><mehrfach>true</mehrfach><Entnahme>true</Entnahme><bisKA>false</bisKA><ausgewaehlt>true</ausgewaehlt><Zeitbedarfsfunktion>3</Zeitbedarfsfunktion></Sortiment><Sortiment><Id>10</Id><Name> Dgl_ABS</Name><Art_von>600</Art_von><Art_bis>700</Art_bis><minD>12.00</minD><maxD>55.00</maxD><minTop>12.00</minTop><maxTop>55.00</maxTop><minH>5.00</minH><maxH>5.00</maxH><ZugabeProzent>0.00</ZugabeProzent><ZugabeCm>10.00</ZugabeCm><Preis>50.00</Preis><Gewicht>20.00</Gewicht><Wahrscheinlichkeit>100.00</Wahrscheinlichkeit><nurZBaum>true</nurZBaum><mehrfach>false</mehrfach><Entnahme>true</Entnahme><bisKA>true</bisKA><ausgewaehlt>true</ausgewaehlt><Zeitbedarfsfunktion>3</Zeitbedarfsfunktion></Sortiment><Sortiment><Id>11</Id><Name> Dgl_ILk</Name><Art_von>600</Art_von><Art_bis>700</Art_bis><minD>7.00</minD><maxD>60.00</maxD><minTop>7.00</minTop><maxTop>60.00</maxTop><minH>3.00</minH><maxH>6.00</maxH><ZugabeProzent>0.00</ZugabeProzent><ZugabeCm>0.00</ZugabeCm><Preis>50.00</Preis><Gewicht>10.00</Gewicht><Wahrscheinlichkeit>100.00</Wahrscheinlichkeit><nurZBaum>false</nurZBaum><mehrfach>true</mehrfach><Entnahme>true</Entnahme><bisKA>false</bisKA><ausgewaehlt>true</ausgewaehlt><Zeitbedarfsfunktion>6</Zeitbedarfsfunktion></Sortiment><Sortiment><Id>12</Id><Name> Fi_Stamm</Name><Art_von>500</Art_von><Art_bis>600</Art_bis><minD>25.00</minD><maxD>49.00</maxD><minTop>14.00</minTop><maxTop>55.00</maxTop><minH>14.00</minH><maxH>18.00</maxH><ZugabeProzent>10.00</ZugabeProzent><ZugabeCm>0.00</ZugabeCm><Preis>50.00</Preis><Gewicht>70.00</Gewicht><Wahrscheinlichkeit>100.00</Wahrscheinlichkeit><nurZBaum>false</nurZBaum><mehrfach>false</mehrfach><Entnahme>true</Entnahme><bisKA>false</bisKA><ausgewaehlt>true</ausgewaehlt><Zeitbedarfsfunktion>3</Zeitbedarfsfunktion></Sortiment><Sortiment><Id>13</Id><Name> Fi_ILk</Name><Art_von>500</Art_von><Art_bis>600</Art_bis><minD>7.00</minD><maxD>60.00</maxD><minTop>7.00</minTop><maxTop>60.00</maxTop><minH>3.00</minH><maxH>6.00</maxH><ZugabeProzent>0.00</ZugabeProzent><ZugabeCm>0.00</ZugabeCm><Preis>50.00</Preis><Gewicht>10.00</Gewicht><Wahrscheinlichkeit>100.00</Wahrscheinlichkeit><nurZBaum>false</nurZBaum><mehrfach>true</mehrfach><Entnahme>true</Entnahme><bisKA>false</bisKA><ausgewaehlt>true</ausgewaehlt><Zeitbedarfsfunktion>6</Zeitbedarfsfunktion></Sortiment><Sortiment><Id>14</Id><Name> Ki_ABS_5</Name><Art_von>700</Art_von><Art_bis>800</Art_bis><minD>14.00</minD><maxD>99.90</maxD><minTop>12.00</minTop><maxTop>99.90</maxTop><minH>5.00</minH><maxH>5.00</maxH><ZugabeProzent>0.00</ZugabeProzent><ZugabeCm>10.00</ZugabeCm><Preis>50.00</Preis><Gewicht>80.00</Gewicht><Wahrscheinlichkeit>100.00</Wahrscheinlichkeit><nurZBaum>false</nurZBaum><mehrfach>true</mehrfach><Entnahme>true</Entnahme><bisKA>true</bisKA><ausgewaehlt>true</ausgewaehlt><Zeitbedarfsfunktion>4</Zeitbedarfsfunktion></Sortiment><Sortiment><Id>15</Id><Name> Ki_IS</Name><Art_von>700</Art_von><Art_bis>800</Art_bis><minD>7.00</minD><maxD>99.90</maxD><minTop>7.00</minTop><maxTop>99.90</maxTop><minH>3.00</minH><maxH>3.00</maxH><ZugabeProzent>0.00</ZugabeProzent><ZugabeCm>0.00</ZugabeCm><Preis>50.00</Preis><Gewicht>20.00</Gewicht><Wahrscheinlichkeit>100.00</Wahrscheinlichkeit><nurZBaum>false</nurZBaum><mehrfach>true</mehrfach><Entnahme>true</Entnahme><bisKA>false</bisKA><ausgewaehlt>true</ausgewaehlt><Zeitbedarfsfunktion>13</Zeitbedarfsfunktion></Sortiment><Sortiment><Id>16</Id><Name> Stubben</Name><Art_von>100</Art_von><Art_bis>999</Art_bis><minD>7.00</minD><maxD>99.90</maxD><minTop>7.00</minTop><maxTop>99.90</maxTop><minH>0.10</minH><maxH>0.30</maxH><ZugabeProzent>0.00</ZugabeProzent><ZugabeCm>0.00</ZugabeCm><Preis>50.00</Preis><Gewicht>95.00</Gewicht><Wahrscheinlichkeit>100.00</Wahrscheinlichkeit><nurZBaum>false</nurZBaum><mehrfach>false</mehrfach><Entnahme>true</Entnahme><bisKA>false</bisKA><ausgewaehlt>true</ausgewaehlt><Zeitbedarfsfunktion>0</Zeitbedarfsfunktion></Sortiment><Sortiment><Id>17</Id><Name> Fi ABS</Name><Art_von>500</Art_von><Art_bis>599</Art_bis><minD>12.00</minD><maxD>55.00</maxD><minTop>12.00</minTop><maxTop>55.00</maxTop><minH>4.00</minH><maxH>4.00</maxH><ZugabeProzent>0.00</ZugabeProzent><ZugabeCm>10.00</ZugabeCm><Preis>50.00</Preis><Gewicht>20.00</Gewicht><Wahrscheinlichkeit>100.00</Wahrscheinlichkeit><nurZBaum>false</nurZBaum><mehrfach>true</mehrfach><Entnahme>true</Entnahme><bisKA>false</bisKA><ausgewaehlt>true</ausgewaehlt><Zeitbedarfsfunktion>0</Zeitbedarfsfunktion></Sortiment><Sortiment><Id>18</Id><Name> Ndh PAL</Name><Art_von>500</Art_von><Art_bis>799</Art_bis><minD>10.00</minD><maxD>55.00</maxD><minTop>10.00</minTop><maxTop>50.00</maxTop><minH>2.40</minH><maxH>2.40</maxH><ZugabeProzent>0.00</ZugabeProzent><ZugabeCm>10.00</ZugabeCm><Preis>50.00</Preis><Gewicht>5.00</Gewicht><Wahrscheinlichkeit>100.00</Wahrscheinlichkeit><nurZBaum>false</nurZBaum><mehrfach>true</mehrfach><Entnahme>true</Entnahme><bisKA>false</bisKA><ausgewaehlt>true</ausgewaehlt><Zeitbedarfsfunktion>3</Zeitbedarfsfunktion></Sortiment><Sortiment><Id>19</Id><Name> Ki_ABS_3</Name><Art_von>700</Art_von><Art_bis>799</Art_bis><minD>14.00</minD><maxD>99.90</maxD><minTop>12.00</minTop><maxTop>99.90</maxTop><minH>3.00</minH><maxH>3.00</maxH><ZugabeProzent>10.00</ZugabeProzent><ZugabeCm>0.00</ZugabeCm><Preis>50.00</Preis><Gewicht>80.00</Gewicht><Wahrscheinlichkeit>100.00</Wahrscheinlichkeit><nurZBaum>false</nurZBaum><mehrfach>true</mehrfach><Entnahme>true</Entnahme><bisKA>true</bisKA><ausgewaehlt>true</ausgewaehlt><Zeitbedarfsfunktion>4</Zeitbedarfsfunktion></Sortiment><Sortiment><Id>20</Id><Name> Lbh_IL</Name><Art_von>100</Art_von><Art_bis>499</Art_bis><minD>7.00</minD><maxD>99.90</maxD><minTop>7.00</minTop><maxTop>99.90</maxTop><minH>1.00</minH><maxH>18.00</maxH><ZugabeProzent>0.00</ZugabeProzent><ZugabeCm>0.00</ZugabeCm><Preis>50.00</Preis><Gewicht>50.00</Gewicht><Wahrscheinlichkeit>100.00</Wahrscheinlichkeit><nurZBaum>false</nurZBaum><mehrfach>false</mehrfach><Entnahme>true</Entnahme><bisKA>false</bisKA><ausgewaehlt>true</ausgewaehlt><Zeitbedarfsfunktion>2</Zeitbedarfsfunktion></Sortiment><Sortiment><Id>21</Id><Name> Ndh_IL</Name><Art_von>500</Art_von><Art_bis>999</Art_bis><minD>7.00</minD><maxD>99.90</maxD><minTop>7.00</minTop><maxTop>99.90</maxTop><minH>1.00</minH><maxH>18.00</maxH><ZugabeProzent>0.00</ZugabeProzent><ZugabeCm>0.00</ZugabeCm><Preis>50.00</Preis><Gewicht>50.00</Gewicht><Wahrscheinlichkeit>100.00</Wahrscheinlichkeit><nurZBaum>false</nurZBaum><mehrfach>false</mehrfach><Entnahme>true</Entnahme><bisKA>false</bisKA><ausgewaehlt>true</ausgewaehlt><Zeitbedarfsfunktion>2</Zeitbedarfsfunktion></Sortiment></Sortimente>
